switching_rate,avg_confidence,avg_fatigue,time_in_exploitation,time_in_exploration
0.9894989498949895,0.9980261737189999,0.7779467242729999,0.5006,0.4994
