switching_rate,avg_confidence,avg_fatigue,time_in_exploitation,time_in_exploration
0.1627162716271627,0.9903594532900001,0.6614984972865999,0.9026,0.0974
