switching_rate,avg_confidence,avg_fatigue,time_in_exploitation,time_in_exploration
0.8054805480548055,0.9947855410299998,0.5440586487729999,0.4213,0.5787
