epoch,loss
1,0.018462763088041297
2,0.0013003194956419369
3,0.0006859313171512137
4,0.0004752359515832116
5,0.00035964392573417474
6,0.00027782937678663683
7,0.00022628230629100776
8,0.00018667077748298956
9,0.00016389182946101451
10,0.00014256568274577147
11,0.00012803692101733758
12,0.00011614040033503746
13,0.00010565271041511248
14,9.757024561404251e-05
15,9.304043287993409e-05
